Month (YYYY-MM),Category Group,Category,Planned,Notes
2024-02,Uncategorized / Review,To Triage,1346.25,unmapped
2024-02,Uncategorized / Review,To Triage,180.0,unmapped
2024-02,Uncategorized / Review,To Triage,2656.0,unmapped
2024-02,Debt & Loans,Auto Loan,32767.0,BPI
2024-02,Uncategorized / Review,To Triage,14703.33,unmapped
2024-02,Uncategorized / Review,To Triage,9350.0,unmapped
2024-02,Uncategorized / Review,To Triage,11980.0,unmapped
2024-02,Uncategorized / Review,To Triage,16858.13,unmapped
2024-02,Uncategorized / Review,To Triage,12747.71,unmapped
2024-02,Uncategorized / Review,To Triage,36662.76,unmapped
2024-02,Uncategorized / Review,To Triage,14852.3,unmapped
2024-02,Uncategorized / Review,To Triage,129.0,unmapped
2024-02,Uncategorized / Review,To Triage,2090.0,unmapped
2024-02,Health & Insurance,Medications & Vitamins,3134.79,
2024-02,Uncategorized / Review,To Triage,364.0,unmapped
2024-02,Uncategorized / Review,To Triage,150.0,unmapped
2024-02,Uncategorized / Review,To Triage,1000.0,unmapped
2024-02,Uncategorized / Review,To Triage,324.0,unmapped
2024-02,Uncategorized / Review,To Triage,332.0,unmapped
2024-02,Uncategorized / Review,To Triage,706.0,unmapped
2024-02,Uncategorized / Review,To Triage,139.0,unmapped
2024-02,Uncategorized / Review,To Triage,1100.0,unmapped
2024-02,Uncategorized / Review,To Triage,239.0,unmapped
2024-02,Uncategorized / Review,To Triage,1205.0,unmapped
2024-02,Uncategorized / Review,To Triage,2000.0,unmapped
2024-02,Uncategorized / Review,To Triage,43155.0,unmapped
2024-02,Uncategorized / Review,To Triage,48338.0,unmapped
2024-02,Uncategorized / Review,To Triage,206.73,unmapped
2024-02,Uncategorized / Review,To Triage,3973.05,unmapped
2024-02,Uncategorized / Review,To Triage,14127.5,unmapped
2024-02,Uncategorized / Review,To Triage,1574.0,unmapped
2024-02,Uncategorized / Review,To Triage,300.0,unmapped
2024-02,Uncategorized / Review,To Triage,13000.0,unmapped
2024-02,Uncategorized / Review,To Triage,483.0,unmapped
2024-02,Uncategorized / Review,To Triage,10722.47,unmapped
2024-02,Transfers,Internal Transfers,40.83,
2024-02,Uncategorized / Review,To Triage,5200.0,unmapped
2024-03,Uncategorized / Review,To Triage,1660.39,unmapped
2024-03,Uncategorized / Review,To Triage,799.0,unmapped
2024-03,Uncategorized / Review,To Triage,4501.0,unmapped
2024-03,Uncategorized / Review,To Triage,5163.2,unmapped
2024-03,Uncategorized / Review,To Triage,2481.0,unmapped
2024-03,Uncategorized / Review,To Triage,3678.52,unmapped
2024-03,Uncategorized / Review,To Triage,3032.5,unmapped
2024-03,Debt & Loans,Auto Loan,33767.0,BPI
2024-03,Uncategorized / Review,To Triage,20428.52,unmapped
2024-03,Uncategorized / Review,To Triage,9350.0,unmapped
2024-03,Uncategorized / Review,To Triage,11980.0,unmapped
2024-03,Uncategorized / Review,To Triage,7266.88,unmapped
2024-03,Uncategorized / Review,To Triage,7263.88,unmapped
2024-03,Shopping & Lifestyle,Shopee / Lazada / Tiktok,22.0,Shopee
2024-03,Uncategorized / Review,To Triage,3195.96,unmapped
2024-03,Uncategorized / Review,To Triage,15873.55,unmapped
2024-03,Uncategorized / Review,To Triage,1549.0,unmapped
2024-03,Uncategorized / Review,To Triage,3842.93,unmapped
2024-03,Uncategorized / Review,To Triage,4766.0,unmapped
2024-03,Uncategorized / Review,To Triage,4633.38,unmapped
2024-03,Health & Insurance,Medications & Vitamins,7813.0,
2024-03,Uncategorized / Review,To Triage,106400.0,unmapped
2024-03,Uncategorized / Review,To Triage,8827.0,unmapped
2024-03,Uncategorized / Review,To Triage,1000.0,unmapped
2024-03,Uncategorized / Review,To Triage,2601.0,unmapped
2024-03,Uncategorized / Review,To Triage,915.0,unmapped
2024-03,Uncategorized / Review,To Triage,2864.5,unmapped
2024-03,Uncategorized / Review,To Triage,2754.05,unmapped
2024-03,Uncategorized / Review,To Triage,4760.0,unmapped
2024-03,Uncategorized / Review,To Triage,239.0,unmapped
2024-03,Uncategorized / Review,To Triage,2000.0,unmapped
2024-03,Housing & Utilities,Internet & Mobile,1899.0,Postpaid
2024-03,Uncategorized / Review,To Triage,10572.86,unmapped
2024-03,Uncategorized / Review,To Triage,1225.93,unmapped
2024-03,Uncategorized / Review,To Triage,162.72,unmapped
2024-03,Uncategorized / Review,To Triage,12866.5,unmapped
2024-03,Uncategorized / Review,To Triage,1146.05,unmapped
2024-03,Uncategorized / Review,To Triage,6973.8,unmapped
2024-03,Uncategorized / Review,To Triage,2842.0,unmapped
2024-03,Uncategorized / Review,To Triage,2500.0,unmapped
2024-03,Uncategorized / Review,To Triage,2500.0,unmapped
2024-03,Uncategorized / Review,To Triage,1065.49,unmapped
2024-03,Uncategorized / Review,To Triage,1100.0,unmapped
2024-03,Uncategorized / Review,To Triage,375.0,unmapped
2024-03,Uncategorized / Review,To Triage,2815.75,unmapped
2024-03,Uncategorized / Review,To Triage,6475.41,unmapped
2024-03,Transfers,Internal Transfers,126.0,
2024-03,Uncategorized / Review,To Triage,1250.0,unmapped
2024-04,Uncategorized / Review,To Triage,1098.0,unmapped
2024-04,Uncategorized / Review,To Triage,4359.0,unmapped
2024-04,Uncategorized / Review,To Triage,9447.21,unmapped
2024-04,Uncategorized / Review,To Triage,5660.0,unmapped
2024-04,Debt & Loans,Auto Loan,33767.0,BPI
2024-04,Uncategorized / Review,To Triage,20428.52,unmapped
2024-04,Uncategorized / Review,To Triage,4890.29,unmapped
2024-04,Uncategorized / Review,To Triage,11980.0,unmapped
2024-04,Uncategorized / Review,To Triage,1080.14,unmapped
2024-04,Shopping & Lifestyle,Shopee / Lazada / Tiktok,3.0,Shopee
2024-04,Uncategorized / Review,To Triage,62.46,unmapped
2024-04,Uncategorized / Review,To Triage,2500.0,unmapped
2024-04,Uncategorized / Review,To Triage,11603.5,unmapped
2024-04,Uncategorized / Review,To Triage,1598.0,unmapped
2024-04,Uncategorized / Review,To Triage,4442.91,unmapped
2024-04,Uncategorized / Review,To Triage,840.0,unmapped
2024-04,Uncategorized / Review,To Triage,2356.37,unmapped
2024-04,Health & Insurance,Medications & Vitamins,2188.89,
2024-04,Uncategorized / Review,To Triage,8100.0,unmapped
2024-04,Uncategorized / Review,To Triage,10860.0,unmapped
2024-04,Uncategorized / Review,To Triage,1000.0,unmapped
2024-04,Uncategorized / Review,To Triage,360.0,unmapped
2024-04,Uncategorized / Review,To Triage,3125.0,unmapped
2024-04,Uncategorized / Review,To Triage,3374.0,unmapped
2024-04,Uncategorized / Review,To Triage,500.0,unmapped
2024-04,Uncategorized / Review,To Triage,959.0,unmapped
2024-04,Uncategorized / Review,To Triage,5658.0,unmapped
2024-04,Uncategorized / Review,To Triage,1330.0,unmapped
2024-04,Transfers,Internal Transfers,141.0,
2024-05,Uncategorized / Review,To Triage,9865.58,unmapped
2024-05,Uncategorized / Review,To Triage,599.0,unmapped
2024-05,Uncategorized / Review,To Triage,4814.84,unmapped
2024-05,Uncategorized / Review,To Triage,7076.68,unmapped
2024-05,Uncategorized / Review,To Triage,5022.0,unmapped
2024-05,Uncategorized / Review,To Triage,8490.2,unmapped
2024-05,Uncategorized / Review,To Triage,7057.27,unmapped
2024-05,Debt & Loans,Auto Loan,33767.0,BPI
2024-05,Uncategorized / Review,To Triage,20428.52,unmapped
2024-05,Uncategorized / Review,To Triage,13809.71,unmapped
2024-05,Uncategorized / Review,To Triage,11980.0,unmapped
2024-05,Uncategorized / Review,To Triage,6839.6,unmapped
2024-05,Uncategorized / Review,To Triage,22528.61,unmapped
2024-05,Uncategorized / Review,To Triage,20631.78,unmapped
2024-05,Shopping & Lifestyle,Shopee / Lazada / Tiktok,1200.0,Shopee
2024-05,Uncategorized / Review,To Triage,2654.13,unmapped
2024-05,Uncategorized / Review,To Triage,6282.0,unmapped
2024-05,Uncategorized / Review,To Triage,1499.0,unmapped
2024-05,Uncategorized / Review,To Triage,3000.0,unmapped
2024-05,Health & Insurance,Medications & Vitamins,7822.0,
2024-05,Uncategorized / Review,To Triage,20000.0,unmapped
2024-05,Uncategorized / Review,To Triage,571.6,unmapped
2024-05,Uncategorized / Review,To Triage,4600.0,unmapped
2024-05,Uncategorized / Review,To Triage,1000.0,unmapped
2024-05,Uncategorized / Review,To Triage,1419.0,unmapped
2024-05,Uncategorized / Review,To Triage,5204.0,unmapped
2024-05,Uncategorized / Review,To Triage,1670.0,unmapped
2024-05,Uncategorized / Review,To Triage,46309.16,unmapped
2024-05,Uncategorized / Review,To Triage,1226.6,unmapped
2024-05,Uncategorized / Review,To Triage,1682.0,unmapped
2024-05,Uncategorized / Review,To Triage,538.0,unmapped
2024-05,Uncategorized / Review,To Triage,1968.02,unmapped
2024-05,Uncategorized / Review,To Triage,502.42,unmapped
2024-05,Uncategorized / Review,To Triage,723.93,unmapped
2024-05,Uncategorized / Review,To Triage,1056.79,unmapped
2024-05,Uncategorized / Review,To Triage,206.0,unmapped
2024-05,Uncategorized / Review,To Triage,3460.0,unmapped
2024-05,Uncategorized / Review,To Triage,3905.0,unmapped
2024-05,Uncategorized / Review,To Triage,1096.73,unmapped
2024-05,Uncategorized / Review,To Triage,520.0,unmapped
2024-05,Uncategorized / Review,To Triage,6732.4,unmapped
2024-05,Uncategorized / Review,To Triage,2136.29,unmapped
2024-05,Uncategorized / Review,To Triage,6702.96,unmapped
2024-05,Transfers,Internal Transfers,95.0,
2024-06,Uncategorized / Review,To Triage,599.0,unmapped
2024-06,Uncategorized / Review,To Triage,4482.75,unmapped
2024-06,Uncategorized / Review,To Triage,9290.02,unmapped
2024-06,Uncategorized / Review,To Triage,2831.0,unmapped
2024-06,Uncategorized / Review,To Triage,3867.24,unmapped
2024-06,Debt & Loans,Auto Loan,33767.0,BPI
2024-06,Uncategorized / Review,To Triage,15441.21,unmapped
2024-06,Uncategorized / Review,To Triage,9350.0,unmapped
2024-06,Uncategorized / Review,To Triage,11980.0,unmapped
2024-06,Uncategorized / Review,To Triage,5705.61,unmapped
2024-06,Uncategorized / Review,To Triage,1000.0,unmapped
2024-06,Uncategorized / Review,To Triage,2619.65,unmapped
2024-06,Uncategorized / Review,To Triage,4481.5,unmapped
2024-06,Uncategorized / Review,To Triage,2196.0,unmapped
2024-06,Uncategorized / Review,To Triage,6357.66,unmapped
2024-06,Health & Insurance,Medications & Vitamins,8343.3,
2024-06,Uncategorized / Review,To Triage,5600.0,unmapped
2024-06,Uncategorized / Review,To Triage,885.0,unmapped
2024-06,Uncategorized / Review,To Triage,460.0,unmapped
2024-06,Uncategorized / Review,To Triage,3571.0,unmapped
2024-06,Uncategorized / Review,To Triage,5499.03,unmapped
2024-06,Uncategorized / Review,To Triage,335.0,unmapped
2024-06,Uncategorized / Review,To Triage,5617.7,unmapped
2024-06,Uncategorized / Review,To Triage,5462.47,unmapped
2024-06,Uncategorized / Review,To Triage,4290.53,unmapped
2024-06,Uncategorized / Review,To Triage,299.0,unmapped
2024-06,Uncategorized / Review,To Triage,800.0,unmapped
2024-06,Uncategorized / Review,To Triage,1968.02,unmapped
2024-06,Uncategorized / Review,To Triage,502.42,unmapped
2024-06,Uncategorized / Review,To Triage,723.93,unmapped
2024-06,Uncategorized / Review,To Triage,3627.23,unmapped
2024-06,Uncategorized / Review,To Triage,1437.22,unmapped
2024-06,Uncategorized / Review,To Triage,99.0,unmapped
2024-06,Uncategorized / Review,To Triage,290.0,unmapped
2024-06,Uncategorized / Review,To Triage,520.0,unmapped
2024-06,Uncategorized / Review,To Triage,13.0,unmapped
2024-06,Uncategorized / Review,To Triage,2276.5,unmapped
2024-06,Uncategorized / Review,To Triage,12665.0,unmapped
2024-06,Uncategorized / Review,To Triage,1236.68,unmapped
2024-06,Shopping & Lifestyle,Shopee / Lazada / Tiktok,742.64,Shopee
2024-06,Shopping & Lifestyle,Shopee / Lazada / Tiktok,435.37,Shopee
2024-06,Shopping & Lifestyle,Shopee / Lazada / Tiktok,2799.78,Shopee
2024-06,Shopping & Lifestyle,Shopee / Lazada / Tiktok,482.58,Shopee
2024-06,Uncategorized / Review,To Triage,600.0,unmapped
2024-06,Uncategorized / Review,To Triage,680.0,unmapped
2024-06,Uncategorized / Review,To Triage,275.0,unmapped
2024-06,Uncategorized / Review,To Triage,2600.0,unmapped
2024-06,Uncategorized / Review,To Triage,1870.5,unmapped
2024-06,Uncategorized / Review,To Triage,12662.0,unmapped
2024-06,Transfers,Internal Transfers,20560.0,
2024-06,Uncategorized / Review,To Triage,3500.0,unmapped
2024-06,Uncategorized / Review,To Triage,889.0,unmapped
2024-07,Uncategorized / Review,To Triage,9350.0,unmapped
2024-07,Uncategorized / Review,To Triage,11980.0,unmapped
2024-07,Uncategorized / Review,To Triage,502.44,unmapped
2024-07,Uncategorized / Review,To Triage,723.93,unmapped
2024-07,Uncategorized / Review,To Triage,3627.23,unmapped
2024-07,Uncategorized / Review,To Triage,1437.22,unmapped
2024-07,Uncategorized / Review,To Triage,12665.0,unmapped
2024-07,Uncategorized / Review,To Triage,1236.68,unmapped
2024-07,Shopping & Lifestyle,Shopee / Lazada / Tiktok,1809.84,Shopee
2024-07,Shopping & Lifestyle,Shopee / Lazada / Tiktok,481.0,Shopee
2024-08,Uncategorized / Review,To Triage,599.0,unmapped
2024-08,Uncategorized / Review,To Triage,6476.6,unmapped
2024-08,Uncategorized / Review,To Triage,3737.5,unmapped
2024-08,Uncategorized / Review,To Triage,26317.01,unmapped
2024-08,Uncategorized / Review,To Triage,2186.0,unmapped
2024-08,Uncategorized / Review,To Triage,5708.92,unmapped
2024-08,Uncategorized / Review,To Triage,5000.0,unmapped
2024-08,Uncategorized / Review,To Triage,9597.5,unmapped
2024-08,Debt & Loans,Auto Loan,33767.0,BPI
2024-08,Uncategorized / Review,To Triage,20433.52,unmapped
2024-08,Uncategorized / Review,To Triage,9350.0,unmapped
2024-08,Uncategorized / Review,To Triage,11980.0,unmapped
2024-08,Uncategorized / Review,To Triage,3095.69,unmapped
2024-08,Uncategorized / Review,To Triage,42768.79,unmapped
2024-08,Uncategorized / Review,To Triage,5530.6,unmapped
2024-08,Uncategorized / Review,To Triage,13806.46,unmapped
2024-08,Uncategorized / Review,To Triage,900.0,unmapped
2024-08,Uncategorized / Review,To Triage,12390.0,unmapped
2024-08,Uncategorized / Review,To Triage,2117.19,unmapped
2024-08,Uncategorized / Review,To Triage,10715.0,unmapped
2024-08,Health & Insurance,Medications & Vitamins,1648.0,
2024-08,Uncategorized / Review,To Triage,4000.0,unmapped
2024-08,Uncategorized / Review,To Triage,3340.0,unmapped
2024-08,Uncategorized / Review,To Triage,1000.0,unmapped
2024-08,Uncategorized / Review,To Triage,30604.2,unmapped
2024-08,Uncategorized / Review,To Triage,1441.0,unmapped
2024-08,Uncategorized / Review,To Triage,800.0,unmapped
2024-08,Uncategorized / Review,To Triage,6096.84,unmapped
2024-08,Uncategorized / Review,To Triage,920.0,unmapped
2024-08,Housing & Utilities,Internet & Mobile,1899.0,Postpaid
2024-08,Uncategorized / Review,To Triage,539.72,unmapped
2024-08,Uncategorized / Review,To Triage,8580.2,unmapped
2024-08,Shopping & Lifestyle,Shopee / Lazada / Tiktok,1636.78,Shopee
2024-08,Uncategorized / Review,To Triage,502.44,unmapped
2024-08,Uncategorized / Review,To Triage,723.93,unmapped
2024-08,Uncategorized / Review,To Triage,3627.23,unmapped
2024-08,Uncategorized / Review,To Triage,1437.22,unmapped
2024-08,Uncategorized / Review,To Triage,320.0,unmapped
2024-08,Uncategorized / Review,To Triage,658.0,unmapped
2024-08,Uncategorized / Review,To Triage,12022.53,unmapped
2024-08,Uncategorized / Review,To Triage,1573.84,unmapped
2024-08,Uncategorized / Review,To Triage,12665.0,unmapped
2024-08,Uncategorized / Review,To Triage,1236.68,unmapped
2024-08,Shopping & Lifestyle,Shopee / Lazada / Tiktok,1809.84,Shopee
2024-08,Shopping & Lifestyle,Shopee / Lazada / Tiktok,481.0,Shopee
2024-08,Uncategorized / Review,To Triage,700.0,unmapped
2024-08,Uncategorized / Review,To Triage,105.0,unmapped
2024-08,Uncategorized / Review,To Triage,1454.0,unmapped
2024-08,Uncategorized / Review,To Triage,4423.56,unmapped
2024-08,Uncategorized / Review,To Triage,11663.0,unmapped
2024-08,Transfers,Internal Transfers,43.0,
2024-09,Uncategorized / Review,To Triage,599.0,unmapped
2024-09,Debt & Loans,Auto Loan,33767.0,BPI
2024-09,Uncategorized / Review,To Triage,20438.47,unmapped
2024-09,Uncategorized / Review,To Triage,9350.0,unmapped
2024-09,Uncategorized / Review,To Triage,11980.0,unmapped
2024-09,Uncategorized / Review,To Triage,1.5,unmapped
2024-09,Uncategorized / Review,To Triage,1998.0,unmapped
2024-09,Uncategorized / Review,To Triage,1759.91,unmapped
2024-09,Uncategorized / Review,To Triage,1000.0,unmapped
2024-09,Uncategorized / Review,To Triage,2898.83,unmapped
2024-09,Uncategorized / Review,To Triage,8580.2,unmapped
2024-10,Uncategorized / Review,To Triage,599.0,unmapped
2024-10,Debt & Loans,Auto Loan,33767.0,BPI
2024-10,Uncategorized / Review,To Triage,20438.37,unmapped
2024-10,Uncategorized / Review,To Triage,9350.0,unmapped
2024-10,Uncategorized / Review,To Triage,11980.0,unmapped
2024-10,Uncategorized / Review,To Triage,17524.75,unmapped
2024-10,Uncategorized / Review,To Triage,6874.66,unmapped
2024-10,Uncategorized / Review,To Triage,50000.0,unmapped
2024-10,Uncategorized / Review,To Triage,1499.0,unmapped
2024-10,Uncategorized / Review,To Triage,1000.0,unmapped
2024-10,Uncategorized / Review,To Triage,129.0,unmapped
2024-10,Uncategorized / Review,To Triage,239.0,unmapped
2024-10,Uncategorized / Review,To Triage,2898.83,unmapped
2024-10,Uncategorized / Review,To Triage,8580.2,unmapped
2024-11,Uncategorized / Review,To Triage,599.0,unmapped
2024-11,Uncategorized / Review,To Triage,9597.5,unmapped
2024-11,Debt & Loans,Auto Loan,33767.0,BPI
2024-11,Uncategorized / Review,To Triage,20438.37,unmapped
2024-11,Uncategorized / Review,To Triage,10000.0,unmapped
2024-11,Uncategorized / Review,To Triage,1499.0,unmapped
2024-11,Uncategorized / Review,To Triage,8000.0,unmapped
2024-11,Health & Insurance,Medications & Vitamins,16000.0,
2024-11,Uncategorized / Review,To Triage,1000.0,unmapped
2024-11,Uncategorized / Review,To Triage,239.0,unmapped
2024-11,Housing & Utilities,Internet & Mobile,1301.61,Postpaid
2024-11,Uncategorized / Review,To Triage,2898.83,unmapped
2024-11,Uncategorized / Review,To Triage,8580.2,unmapped
2024-12,Uncategorized / Review,To Triage,4089.48,unmapped
2024-12,Uncategorized / Review,To Triage,599.0,unmapped
2024-12,Debt & Loans,Auto Loan,33767.0,BPI
2024-12,Uncategorized / Review,To Triage,20438.18,unmapped
2024-12,Uncategorized / Review,To Triage,18700.0,unmapped
2024-12,Uncategorized / Review,To Triage,23960.0,unmapped
2024-12,Uncategorized / Review,To Triage,34171.49,unmapped
2024-12,Uncategorized / Review,To Triage,2490.44,unmapped
2024-12,Uncategorized / Review,To Triage,13000.0,unmapped
2024-12,Uncategorized / Review,To Triage,1506.0,unmapped
2024-12,Health & Insurance,Medications & Vitamins,1550.0,
2024-12,Uncategorized / Review,To Triage,8000.0,unmapped
2024-12,Uncategorized / Review,To Triage,1000.0,unmapped
2024-12,Uncategorized / Review,To Triage,23500.0,unmapped
2024-12,Housing & Utilities,Internet & Mobile,1398.0,Postpaid
2024-12,Uncategorized / Review,To Triage,2898.83,unmapped
2024-12,Uncategorized / Review,To Triage,17160.4,unmapped
2025-01,Uncategorized / Review,To Triage,1617.34,unmapped
2025-01,Uncategorized / Review,To Triage,784.93,unmapped
2025-01,Uncategorized / Review,To Triage,2774.74,unmapped
2025-01,Uncategorized / Review,To Triage,6460.49,unmapped
2025-01,Uncategorized / Review,To Triage,5263.4,unmapped
2025-01,Uncategorized / Review,To Triage,2128.0,unmapped
2025-01,Uncategorized / Review,To Triage,2895.9,unmapped
2025-01,Uncategorized / Review,To Triage,2919.5,unmapped
2025-01,Uncategorized / Review,To Triage,1919.5,unmapped
2025-01,Debt & Loans,Auto Loan,33767.0,BPI
2025-01,Uncategorized / Review,To Triage,20438.18,unmapped
2025-01,Uncategorized / Review,To Triage,9350.0,unmapped
2025-01,Uncategorized / Review,To Triage,11980.0,unmapped
2025-01,Uncategorized / Review,To Triage,74.83,unmapped
2025-01,Uncategorized / Review,To Triage,195.67,unmapped
2025-01,Uncategorized / Review,To Triage,6908.84,unmapped
2025-01,Uncategorized / Review,To Triage,7511.81,unmapped
2025-01,Uncategorized / Review,To Triage,1506.0,unmapped
2025-01,Uncategorized / Review,To Triage,1981.74,unmapped
2025-01,Uncategorized / Review,To Triage,2006.3,unmapped
2025-01,Uncategorized / Review,To Triage,1825.43,unmapped
2025-01,Health & Insurance,Medications & Vitamins,4604.57,
2025-01,Uncategorized / Review,To Triage,18410.0,unmapped
2025-01,Uncategorized / Review,To Triage,522.76,unmapped
2025-01,Uncategorized / Review,To Triage,2674.27,unmapped
2025-01,Uncategorized / Review,To Triage,1366.67,unmapped
2025-01,Uncategorized / Review,To Triage,80.0,unmapped
2025-01,Uncategorized / Review,To Triage,83.33,unmapped
2025-01,Uncategorized / Review,To Triage,166.67,unmapped
2025-01,Uncategorized / Review,To Triage,1000.0,unmapped
2025-01,Uncategorized / Review,To Triage,8892.31,unmapped
2025-01,Uncategorized / Review,To Triage,677.5,unmapped
2025-01,Uncategorized / Review,To Triage,2066.06,unmapped
2025-01,Uncategorized / Review,To Triage,982.18,unmapped
2025-01,Uncategorized / Review,To Triage,2856.82,unmapped
2025-01,Uncategorized / Review,To Triage,1417.04,unmapped
2025-01,Uncategorized / Review,To Triage,780.35,unmapped
2025-01,Uncategorized / Review,To Triage,1674.41,unmapped
2025-01,Uncategorized / Review,To Triage,229.64,unmapped
2025-01,Uncategorized / Review,To Triage,17.0,unmapped
2025-01,Uncategorized / Review,To Triage,192.74,unmapped
2025-01,Uncategorized / Review,To Triage,481.82,unmapped
2025-01,Housing & Utilities,Internet & Mobile,630.0,Postpaid
2025-01,Uncategorized / Review,To Triage,2427.01,unmapped
2025-01,Uncategorized / Review,To Triage,10296.24,unmapped
2025-01,Shopping & Lifestyle,Shopee / Lazada / Tiktok,409.2,Shopee
2025-01,Uncategorized / Review,To Triage,1801.62,unmapped
2025-01,Uncategorized / Review,To Triage,2782.98,unmapped
2025-01,Uncategorized / Review,To Triage,3627.2,unmapped
2025-01,Uncategorized / Review,To Triage,1437.22,unmapped
2025-01,Uncategorized / Review,To Triage,166.3,unmapped
2025-01,Uncategorized / Review,To Triage,117.56,unmapped
2025-01,Uncategorized / Review,To Triage,144.82,unmapped
2025-01,Uncategorized / Review,To Triage,197.71,unmapped
2025-01,Uncategorized / Review,To Triage,9.29,unmapped
2025-01,Uncategorized / Review,To Triage,25.75,unmapped
2025-01,Uncategorized / Review,To Triage,1548.25,unmapped
2025-01,Uncategorized / Review,To Triage,1232.93,unmapped
2025-01,Uncategorized / Review,To Triage,2412.05,unmapped
2025-01,Uncategorized / Review,To Triage,786.92,unmapped
2025-01,Uncategorized / Review,To Triage,1072.42,unmapped
2025-01,Uncategorized / Review,To Triage,5427.86,unmapped
2025-01,Uncategorized / Review,To Triage,1017.04,unmapped
2025-01,Shopping & Lifestyle,Shopee / Lazada / Tiktok,317.78,Shopee
2025-01,Shopping & Lifestyle,Shopee / Lazada / Tiktok,189.96,Shopee
2025-01,Shopping & Lifestyle,Shopee / Lazada / Tiktok,2391.43,Shopee
2025-01,Shopping & Lifestyle,Shopee / Lazada / Tiktok,412.14,Shopee
2025-01,Uncategorized / Review,To Triage,358.48,unmapped
2025-01,Uncategorized / Review,To Triage,218.57,unmapped
2025-01,Uncategorized / Review,To Triage,435.46,unmapped
2025-01,Uncategorized / Review,To Triage,103.0,unmapped
2025-01,Uncategorized / Review,To Triage,421.43,unmapped
2025-01,Uncategorized / Review,To Triage,65.0,unmapped
2025-01,Uncategorized / Review,To Triage,1181.82,unmapped
2025-01,Uncategorized / Review,To Triage,1480.43,unmapped
2025-01,Uncategorized / Review,To Triage,48008.07,unmapped
2025-01,Uncategorized / Review,To Triage,5996.59,unmapped
2025-01,Transfers,Internal Transfers,1912.35,
2025-01,Uncategorized / Review,To Triage,1214.29,unmapped
2025-01,Uncategorized / Review,To Triage,155.0,unmapped
2025-01,Uncategorized / Review,To Triage,472.73,unmapped
2025-01,Uncategorized / Review,To Triage,127.0,unmapped
2025-01,Uncategorized / Review,To Triage,214.29,unmapped
2025-02,Uncategorized / Review,To Triage,1842.08,unmapped
2025-02,Uncategorized / Review,To Triage,413.07,unmapped
2025-02,Uncategorized / Review,To Triage,2543.51,unmapped
2025-02,Uncategorized / Review,To Triage,5873.18,unmapped
2025-02,Uncategorized / Review,To Triage,2188.48,unmapped
2025-02,Uncategorized / Review,To Triage,1934.55,unmapped
2025-02,Uncategorized / Review,To Triage,2654.57,unmapped
2025-02,Uncategorized / Review,To Triage,2432.92,unmapped
2025-02,Uncategorized / Review,To Triage,7678.0,unmapped
2025-02,Debt & Loans,Auto Loan,33767.0,BPI
2025-02,Uncategorized / Review,To Triage,20438.18,unmapped
2025-02,Uncategorized / Review,To Triage,9350.0,unmapped
2025-02,Uncategorized / Review,To Triage,11980.0,unmapped
2025-02,Uncategorized / Review,To Triage,6064.17,unmapped
2025-02,Uncategorized / Review,To Triage,324.33,unmapped
2025-02,Uncategorized / Review,To Triage,6735.31,unmapped
2025-02,Uncategorized / Review,To Triage,7199.03,unmapped
2025-02,Uncategorized / Review,To Triage,1697.67,unmapped
2025-02,Uncategorized / Review,To Triage,2116.1,unmapped
2025-02,Uncategorized / Review,To Triage,1823.91,unmapped
2025-02,Uncategorized / Review,To Triage,1673.31,unmapped
2025-02,Health & Insurance,Medications & Vitamins,4304.19,
2025-02,Uncategorized / Review,To Triage,17190.91,unmapped
2025-02,Uncategorized / Review,To Triage,17845.24,unmapped
2025-02,Uncategorized / Review,To Triage,2451.42,unmapped
2025-02,Uncategorized / Review,To Triage,1171.43,unmapped
2025-02,Uncategorized / Review,To Triage,71.43,unmapped
2025-02,Uncategorized / Review,To Triage,1000.0,unmapped
2025-02,Uncategorized / Review,To Triage,7780.77,unmapped
2025-02,Uncategorized / Review,To Triage,602.22,unmapped
2025-02,Uncategorized / Review,To Triage,1893.89,unmapped
2025-02,Uncategorized / Review,To Triage,900.33,unmapped
2025-02,Uncategorized / Review,To Triage,17081.01,unmapped
2025-02,Uncategorized / Review,To Triage,2406.96,unmapped
2025-02,Uncategorized / Review,To Triage,6261.23,unmapped
2025-02,Uncategorized / Review,To Triage,1534.88,unmapped
2025-02,Uncategorized / Review,To Triage,11.75,unmapped
2025-02,Uncategorized / Review,To Triage,14.57,unmapped
2025-02,Uncategorized / Review,To Triage,176.68,unmapped
2025-02,Uncategorized / Review,To Triage,441.67,unmapped
2025-02,Housing & Utilities,Internet & Mobile,647.97,Postpaid
2025-02,Uncategorized / Review,To Triage,6864.16,unmapped
2025-02,Uncategorized / Review,To Triage,1621.46,unmapped
2025-02,Uncategorized / Review,To Triage,2529.99,unmapped
2025-02,Uncategorized / Review,To Triage,3627.2,unmapped
2025-02,Uncategorized / Review,To Triage,1437.22,unmapped
2025-02,Uncategorized / Review,To Triage,151.18,unmapped
2025-02,Uncategorized / Review,To Triage,105.8,unmapped
2025-02,Uncategorized / Review,To Triage,132.75,unmapped
2025-02,Uncategorized / Review,To Triage,173.0,unmapped
2025-02,Uncategorized / Review,To Triage,8.13,unmapped
2025-02,Uncategorized / Review,To Triage,22.89,unmapped
2025-02,Uncategorized / Review,To Triage,1407.5,unmapped
2025-02,Uncategorized / Review,To Triage,1130.18,unmapped
2025-02,Uncategorized / Review,To Triage,2211.04,unmapped
2025-02,Uncategorized / Review,To Triage,674.5,unmapped
2025-02,Uncategorized / Review,To Triage,919.21,unmapped
2025-02,Uncategorized / Review,To Triage,4749.38,unmapped
2025-02,Uncategorized / Review,To Triage,889.91,unmapped
2025-02,Shopping & Lifestyle,Shopee / Lazada / Tiktok,278.06,Shopee
2025-02,Shopping & Lifestyle,Shopee / Lazada / Tiktok,166.22,Shopee
2025-02,Shopping & Lifestyle,Shopee / Lazada / Tiktok,2092.5,Shopee
2025-02,Shopping & Lifestyle,Shopee / Lazada / Tiktok,360.63,Shopee
2025-02,Uncategorized / Review,To Triage,328.6,unmapped
2025-02,Uncategorized / Review,To Triage,191.25,unmapped
2025-02,Uncategorized / Review,To Triage,444.54,unmapped
2025-02,Uncategorized / Review,To Triage,93.64,unmapped
2025-02,Uncategorized / Review,To Triage,1300.0,unmapped
2025-02,Uncategorized / Review,To Triage,368.75,unmapped
2025-02,Uncategorized / Review,To Triage,57.78,unmapped
2025-02,Uncategorized / Review,To Triage,1083.33,unmapped
2025-02,Uncategorized / Review,To Triage,1332.39,unmapped
2025-02,Uncategorized / Review,To Triage,2026.9,unmapped
2025-02,Uncategorized / Review,To Triage,5496.87,unmapped
2025-02,Transfers,Internal Transfers,1752.99,
2025-02,Uncategorized / Review,To Triage,1062.5,unmapped
2025-02,Uncategorized / Review,To Triage,140.91,unmapped
2025-02,Uncategorized / Review,To Triage,2835.5,unmapped
2025-02,Uncategorized / Review,To Triage,5940.77,unmapped
2025-02,Uncategorized / Review,To Triage,95.25,unmapped
2025-02,Uncategorized / Review,To Triage,187.5,unmapped
2025-03,Uncategorized / Review,To Triage,599.0,unmapped
2025-03,Uncategorized / Review,To Triage,10207.7,unmapped
2025-03,Uncategorized / Review,To Triage,2924.12,unmapped
2025-03,Uncategorized / Review,To Triage,805.45,unmapped
2025-03,Uncategorized / Review,To Triage,3844.81,unmapped
2025-03,Uncategorized / Review,To Triage,10636.86,unmapped
2025-03,Uncategorized / Review,To Triage,3032.5,unmapped
2025-03,Debt & Loans,Auto Loan,33767.0,BPI
2025-03,Uncategorized / Review,To Triage,20428.52,unmapped
2025-03,Uncategorized / Review,To Triage,9350.0,unmapped
2025-03,Uncategorized / Review,To Triage,11980.0,unmapped
2025-03,Uncategorized / Review,To Triage,7720.11,unmapped
2025-03,Uncategorized / Review,To Triage,7504.82,unmapped
2025-03,Uncategorized / Review,To Triage,4281.14,unmapped
2025-03,Shopping & Lifestyle,Shopee / Lazada / Tiktok,262.6,Shopee
2025-03,Uncategorized / Review,To Triage,573.81,unmapped
2025-03,Uncategorized / Review,To Triage,50000.0,unmapped
2025-03,Uncategorized / Review,To Triage,6962.75,unmapped
2025-03,Uncategorized / Review,To Triage,661.29,unmapped
2025-03,Uncategorized / Review,To Triage,4313.33,unmapped
2025-03,Uncategorized / Review,To Triage,5017.79,unmapped
2025-03,Uncategorized / Review,To Triage,1399.09,unmapped
2025-03,Uncategorized / Review,To Triage,16484.76,unmapped
2025-03,Uncategorized / Review,To Triage,4324.31,unmapped
2025-03,Uncategorized / Review,To Triage,108.0,unmapped
2025-03,Uncategorized / Review,To Triage,26315.79,unmapped
2025-03,Uncategorized / Review,To Triage,330578.52,unmapped
2025-03,Uncategorized / Review,To Triage,4639.63,unmapped
2025-03,Uncategorized / Review,To Triage,39323.12,unmapped
2025-03,Uncategorized / Review,To Triage,10025.34,unmapped
2025-03,Uncategorized / Review,To Triage,16012.21,unmapped
2025-03,Uncategorized / Review,To Triage,239.0,unmapped
2025-03,Uncategorized / Review,To Triage,1180.81,unmapped
2025-03,Uncategorized / Review,To Triage,114324.42,unmapped
2025-03,Uncategorized / Review,To Triage,40455.43,unmapped
2025-03,Uncategorized / Review,To Triage,87323.27,unmapped
2025-03,Uncategorized / Review,To Triage,34600.32,unmapped
2025-03,Uncategorized / Review,To Triage,996.64,unmapped
2025-03,Uncategorized / Review,To Triage,10000.0,unmapped
2025-03,Uncategorized / Review,To Triage,692.43,unmapped
2025-03,Uncategorized / Review,To Triage,16393.45,unmapped
2025-03,Uncategorized / Review,To Triage,650.0,unmapped
2025-03,Uncategorized / Review,To Triage,4200.0,unmapped
2025-03,Uncategorized / Review,To Triage,39512.77,unmapped
2025-03,Uncategorized / Review,To Triage,14647.14,unmapped
2025-03,Uncategorized / Review,To Triage,3412.05,unmapped
2025-03,Uncategorized / Review,To Triage,260.63,unmapped
2025-03,Uncategorized / Review,To Triage,433.34,unmapped
2025-03,Uncategorized / Review,To Triage,1008.99,unmapped
2025-03,Uncategorized / Review,To Triage,95.25,unmapped
2025-04,Uncategorized / Review,To Triage,599.0,unmapped
2025-04,Uncategorized / Review,To Triage,4800.0,unmapped
2025-04,Uncategorized / Review,To Triage,2924.12,unmapped
2025-04,Uncategorized / Review,To Triage,1000.0,unmapped
2025-04,Uncategorized / Review,To Triage,7489.86,unmapped
2025-04,Uncategorized / Review,To Triage,3032.5,unmapped
2025-04,Debt & Loans,Auto Loan,33767.0,BPI
2025-04,Uncategorized / Review,To Triage,20428.52,unmapped
2025-04,Uncategorized / Review,To Triage,9350.0,unmapped
2025-04,Uncategorized / Review,To Triage,11980.0,unmapped
2025-04,Uncategorized / Review,To Triage,2777.22,unmapped
2025-04,Uncategorized / Review,To Triage,899.0,unmapped
2025-04,Uncategorized / Review,To Triage,1723.54,unmapped
2025-04,Uncategorized / Review,To Triage,281.0,unmapped
2025-04,Uncategorized / Review,To Triage,100000.0,unmapped
2025-04,Uncategorized / Review,To Triage,989.0,unmapped
2025-04,Uncategorized / Review,To Triage,3392.0,unmapped
2025-04,Uncategorized / Review,To Triage,65.0,unmapped
2025-04,Uncategorized / Review,To Triage,500.0,unmapped
2025-04,Uncategorized / Review,To Triage,472.09,unmapped
2025-04,Uncategorized / Review,To Triage,354.0,unmapped
2025-05,Uncategorized / Review,To Triage,2924.12,unmapped
2025-05,Uncategorized / Review,To Triage,10636.86,unmapped
2025-05,Debt & Loans,Auto Loan,33767.0,BPI
2025-05,Uncategorized / Review,To Triage,20428.52,unmapped
2025-05,Uncategorized / Review,To Triage,9350.0,unmapped
2025-05,Uncategorized / Review,To Triage,11980.0,unmapped
2025-06,Uncategorized / Review,To Triage,40000.0,unmapped
2025-06,Uncategorized / Review,To Triage,1202.99,unmapped
2025-06,Uncategorized / Review,To Triage,3953.9,unmapped
2025-06,Uncategorized / Review,To Triage,5081.25,unmapped
2025-06,Uncategorized / Review,To Triage,2924.12,unmapped
2025-06,Uncategorized / Review,To Triage,1258.5,unmapped
2025-06,Uncategorized / Review,To Triage,3048.0,unmapped
2025-06,Debt & Loans,Auto Loan,33767.0,BPI
2025-06,Uncategorized / Review,To Triage,20428.52,unmapped
2025-06,Uncategorized / Review,To Triage,9350.0,unmapped
2025-06,Uncategorized / Review,To Triage,11980.0,unmapped
2025-06,Uncategorized / Review,To Triage,5915.26,unmapped
2025-06,Uncategorized / Review,To Triage,19914.36,unmapped
2025-06,Uncategorized / Review,To Triage,10667.59,unmapped
2025-06,Uncategorized / Review,To Triage,66026.11,unmapped
2025-06,Uncategorized / Review,To Triage,8992.0,unmapped
2025-06,Uncategorized / Review,To Triage,5646.95,unmapped
2025-06,Uncategorized / Review,To Triage,15292.63,unmapped
2025-06,Uncategorized / Review,To Triage,2998.0,unmapped
2025-06,Uncategorized / Review,To Triage,2715.64,unmapped
2025-06,Uncategorized / Review,To Triage,7544.0,unmapped
2025-06,Uncategorized / Review,To Triage,3718.07,unmapped
2025-06,Health & Insurance,Medications & Vitamins,6935.06,
2025-06,Uncategorized / Review,To Triage,8000.0,unmapped
2025-06,Uncategorized / Review,To Triage,52669.06,unmapped
2025-06,Uncategorized / Review,To Triage,8000.0,unmapped
2025-06,Uncategorized / Review,To Triage,500.0,unmapped
2025-06,Uncategorized / Review,To Triage,6837.0,unmapped
2025-06,Uncategorized / Review,To Triage,9015.0,unmapped
2025-06,Uncategorized / Review,To Triage,18000.0,unmapped
2025-06,Uncategorized / Review,To Triage,4124.0,unmapped
2025-06,Uncategorized / Review,To Triage,615.0,unmapped
2025-06,Uncategorized / Review,To Triage,4371.53,unmapped
2025-06,Uncategorized / Review,To Triage,1717.21,unmapped
2025-06,Uncategorized / Review,To Triage,5435.26,unmapped
2025-06,Uncategorized / Review,To Triage,6507.78,unmapped
2025-07,Debt & Loans,Auto Loan,33767.0,BPI
2025-07,Uncategorized / Review,To Triage,20428.52,unmapped
2025-07,Uncategorized / Review,To Triage,4454.67,unmapped
2025-07,Uncategorized / Review,To Triage,1000.0,unmapped
2025-08,Uncategorized / Review,To Triage,1847.33,unmapped
2025-08,Uncategorized / Review,To Triage,2666.34,unmapped
2025-08,Uncategorized / Review,To Triage,5915.26,unmapped
2025-08,Uncategorized / Review,To Triage,3188.2,unmapped
2025-08,Uncategorized / Review,To Triage,2150.37,unmapped
2025-08,Uncategorized / Review,To Triage,1573.41,unmapped
2025-08,Uncategorized / Review,To Triage,2549.19,unmapped
2025-08,Uncategorized / Review,To Triage,1396.92,unmapped
2025-08,Uncategorized / Review,To Triage,539.81,unmapped
2025-08,Uncategorized / Review,To Triage,503.43,unmapped
